"Student_ID";"First_Name";"Last_Name";"Class";"Term";"Math";"English";"Science";"History";"Attendance";"Score";"Passed";"Incoming_Student";"Cohort"
"1079";"Emma";"White";"11A";"2";"62";"79";"75";"43";"79.9";"66";1;1;"25-26"
"1115";"Alice";"Martin";"10A";"2";"62";"55";"67";"81";"88";"61";1;0;"26-27"
"1172";"Daniel";"White";"12A";"1";"99";"79";"81";"79";"85.9";"80";1;0;"27-28"
"1053";"Benjamin";"Morgan";"11B";"1";"60";"37";"88";"78";"77.5";"68";1;0;"25-26"
"1131";"Noah";"Lee";"11B";"1";"85";"99";"72";"84";"93.8";"94";1;1;"25-26"
"1164";"Ava";"Taylor";"11A";"1";"76";"84";"66";"73";"93";"99";1;0;"27-28"
"1198";"Daniel";"Taylor";"11A";"1";"40";"49";"78";"64";"100";"50";0;1;"27-28"
"1004";"Ethan";"Morgan";"12A";"2";"82";"89";"64";"79";"87.7";"76";1;1;"27-28"
"1001";"James";"White";"12A";"2";"83";"77";"75";"89";"97.2";"72";1;0;"26-27"
"1081";"Emma";"Martin";"10B";"2";"100";"90";"76";"52";"73.1";"98";1;0;"27-28"
"1098";"Lucas";"Brown";"10A";"1";"64";"70";"84";"77";"85.5";"72";1;0;"25-26"
"1152";"Amelia";"Walker";"12A";"1";"94";"94";"95";"66";"62.2";"77";1;1;"27-28"
"1083";"Harper";"Lee";"10B";"2";"58";"55";"87";"51";"74.6";"79";1;1;"25-26"
"1085";"Benjamin";"Lee";"10B";"2";"59";"40";"69";"69";"85.5";"53";0;0;"27-28"
"1082";"Ava";"Johnson";"12A";"1";"95";"65";"60";"86";"81.5";"95";1;1;"26-27"
"1163";"Daniel";"Morgan";"11A";"2";"88";"68";"75";"73";"87.8";"63";1;0;"25-26"
"1121";"Benjamin";"Smith";"10A";"2";"47";"65";"83";"51";"90";"58";1;0;"26-27"
"1159";"Elijah";"Harris";"10B";"1";"41";"77";"80";"88";"84.1";"80";1;1;"26-27"
"1022";"Isabella";"White";"12B";"1";"89";"42";"74";"68";"83";"67";1;1;"25-26"
"1039";"Sophia";"Johnson";"10B";"2";"53";"53";"52";"48";"75.1";"50";0;1;"25-26"
"1057";"Alice";"Morgan";"11B";"2";"59";"72";"72";"81";"90";"66";1;0;"27-28"
"1065";"Benjamin";"Taylor";"11A";"1";"98";"82";"90";"70";"76.5";"77";1;0;"26-27"
"1199";"Olivia";"Harris";"12A";"1";"83";"67";"65";"75";"92.5";"58";1;0;"27-28"
"1191";"Mia";"Smith";"10A";"2";"46";"88";"72";"97";"87.8";"69";1;0;"27-28"
"1113";"Liam";"Lee";"12A";"1";"94";"100";"97";"96";"81.3";"83";1;0;"25-26"
"1138";"Amelia";"Brown";"11B";"1";"69";"58";"73";"68";"77";"68";1;0;"25-26"
"1015";"James";"Walker";"12A";"2";"83";"100";"56";"52";"88";"59";1;0;"25-26"
"1059";"Daniel";"Brown";"10A";"1";"83";"68";"84";"88";"74.3";"84";1;1;"27-28"
"1038";"Olivia";"Walker";"11B";"2";"61";"76";"84";"72";"78.2";"84";1;1;"27-28"
"1130";"Lucas";"Martin";"10A";"2";"81";"44";"70";"59";"81.8";"62";1;0;"27-28"
"1142";"Emma";"Brown";"10B";"1";"67";"69";"64";"38";"84.7";"57";0;0;"27-28"
"1003";"Emma";"Johnson";"10A";"1";"85";"97";"55";"100";"69.6";"90";1;0;"26-27"
"1100";"Olivia";"Brown";"12A";"1";"72";"100";"82";"90";"78.5";"72";1;1;"26-27"
"1154";"Isabella";"Taylor";"12A";"1";"100";"97";"80";"65";"87.1";"86";1;0;"25-26"
"1125";"Alice";"Lee";"10A";"2";"100";"47";"71";"47";"83.7";"55";1;0;"25-26"
"1178";"Isabella";"Walker";"10B";"1";"53";"84";"49";"71";"71.7";"82";1;1;"26-27"
"1087";"Ethan";"Taylor";"10B";"2";"86";"46";"73";"81";"82.7";"71";1;0;"27-28"
"1112";"Mia";"White";"12B";"1";"100";"85";"92";"63";"80.9";"88";1;0;"27-28"
"1123";"Mia";"Taylor";"12B";"2";"60";"55";"66";"64";"74.6";"59";1;0;"27-28"
"1061";"Liam";"Brown";"11A";"2";"75";"87";"81";"80";"78";"66";1;0;"25-26"
"1149";"Sophia";"Taylor";"11A";"2";"42";"82";"51";"72";"62";"63";1;0;"25-26"
"1197";"Benjamin";"Johnson";"11B";"2";"55";"43";"62";"76";"99.6";"71";0;0;"27-28"
"1019";"Lucas";"Morgan";"10A";"1";"85";"86";"78";"68";"74";"88";1;0;"27-28"
"1024";"Ava";"Walker";"12A";"1";"55";"89";"62";"83";"85.3";"80";1;0;"25-26"
"1062";"James";"Martin";"11A";"1";"90";"55";"86";"94";"82.6";"70";1;0;"27-28"
"1120";"Evelyn";"Brown";"12B";"1";"72";"41";"100";"62";"94.1";"67";1;0;"26-27"
"1137";"Noah";"Morgan";"10A";"1";"73";"70";"56";"63";"93.6";"69";1;0;"26-27"
"1150";"Evelyn";"Martin";"12A";"1";"85";"88";"88";"88";"80.6";"76";1;1;"26-27"
"1060";"Noah";"Martin";"12A";"1";"65";"88";"86";"79";"76.1";"94";1;0;"27-28"
"1102";"Amelia";"Taylor";"11B";"1";"78";"78";"60";"92";"87.9";"83";1;1;"27-28"
"1146";"James";"Johnson";"11B";"1";"63";"67";"63";"77";"84.6";"83";1;0;"27-28"
"1176";"Ethan";"Brown";"10B";"1";"71";"73";"54";"67";"98";"68";1;0;"27-28"
"1017";"Evelyn";"Johnson";"11B";"2";"61";"59";"60";"45";"68.8";"59";0;0;"26-27"
"1020";"Logan";"Smith";"12B";"1";"82";"68";"68";"100";"77.9";"71";1;1;"26-27"
"1054";"Ethan";"Walker";"11B";"1";"50";"49";"51";"47";"87.3";"50";0;0;"25-26"
"1073";"James";"Lee";"11B";"2";"56";"76";"74";"59";"81.2";"78";1;0;"27-28"
"1051";"Amelia";"Lee";"11B";"1";"57";"89";"86";"64";"85.8";"87";1;0;"25-26"
"1048";"Sophia";"Harris";"11B";"1";"86";"70";"52";"64";"70.9";"68";1;0;"26-27"
"1046";"Elijah";"Smith";"12A";"2";"81";"90";"80";"69";"72.9";"85";1;1;"26-27"
"1072";"Ethan";"Harris";"12A";"1";"70";"78";"87";"87";"85";"73";1;0;"25-26"
"1128";"Logan";"Johnson";"11A";"1";"69";"62";"70";"66";"73.3";"63";1;0;"27-28"
"1200";"Lucas";"Harris";"11B";"2";"100";"80";"60";"75";"90.9";"80";1;0;"26-27"
"1118";"Amelia";"Johnson";"11A";"1";"34";"87";"84";"71";"77.7";"71";1;1;"27-28"
"1119";"Mia";"Johnson";"10A";"1";"63";"76";"52";"72";"69.7";"76";1;0;"25-26"
"1086";"James";"Brown";"12B";"2";"67";"100";"71";"67";"86.7";"85";1;0;"26-27"
"1044";"Emma";"Morgan";"10B";"1";"31";"67";"51";"46";"81.9";"58";0;0;"25-26"
"1167";"Logan";"Lee";"10A";"1";"72";"82";"100";"98";"73.1";"80";1;1;"26-27"
"1088";"Noah";"Harris";"11A";"2";"55";"63";"76";"73";"87";"80";1;0;"26-27"
"1165";"Mason";"Morgan";"10B";"1";"52";"42";"61";"50";"78.6";"52";0;1;"25-26"
"1101";"Logan";"Walker";"10A";"1";"32";"100";"76";"54";"60";"67";1;0;"25-26"
"1091";"Harper";"Harris";"10B";"2";"65";"76";"68";"65";"78.5";"78";1;0;"27-28"
"1168";"Alice";"Johnson";"10B";"1";"74";"67";"65";"68";"85.6";"65";1;0;"26-27"
"1036";"Liam";"Smith";"12B";"1";"72";"49";"86";"93";"100";"82";1;1;"25-26"
"1187";"Daniel";"Martin";"12A";"2";"94";"60";"86";"91";"91.1";"76";1;0;"25-26"
"1189";"Emma";"Lee";"12B";"2";"98";"88";"68";"89";"72.5";"100";1;0;"25-26"
"1035";"Mason";"Walker";"10B";"2";"96";"81";"60";"63";"82.4";"80";1;0;"26-27"
"1104";"Sophia";"White";"12A";"1";"79";"74";"49";"84";"77.1";"61";1;1;"25-26"
"1169";"Elijah";"Martin";"10B";"1";"52";"72";"73";"67";"85.9";"62";1;1;"26-27"
"1108";"Amelia";"Martin";"11A";"2";"67";"83";"69";"97";"89.2";"76";1;0;"27-28"
"1070";"Daniel";"Johnson";"11B";"1";"67";"57";"55";"52";"85.3";"72";0;0;"26-27"
"1097";"Evelyn";"Morgan";"11B";"2";"62";"83";"41";"71";"90.1";"56";1;0;"26-27"
"1052";"Lucas";"Johnson";"11A";"2";"84";"35";"80";"94";"97.3";"69";1;0;"25-26"
"1177";"Liam";"Taylor";"10A";"2";"54";"54";"73";"88";"75.2";"71";1;1;"27-28"
"1007";"Liam";"Harris";"12A";"1";"100";"84";"64";"63";"88.1";"60";1;0;"25-26"
"1014";"Sophia";"Martin";"10A";"2";"68";"82";"94";"83";"96";"80";1;1;"25-26"
"1107";"Alice";"Walker";"10A";"2";"59";"46";"44";"75";"75.3";"67";0;0;"27-28"
"1171";"Ethan";"Martin";"10A";"2";"78";"87";"57";"91";"82.7";"85";1;0;"27-28"
"1093";"Harper";"Taylor";"10B";"2";"60";"84";"62";"79";"60";"50";1;0;"27-28"
"1173";"Lucas";"Lee";"12B";"1";"91";"70";"73";"68";"87.4";"86";1;0;"27-28"
"1161";"Ethan";"Johnson";"11A";"1";"71";"94";"81";"66";"99.1";"67";1;0;"26-27"
"1049";"Evelyn";"Harris";"10B";"1";"78";"100";"13";"34";"85.7";"65";0;0;"26-27"
"1144";"Evelyn";"Lee";"12A";"1";"89";"75";"69";"91";"100";"72";1;0;"27-28"
"1012";"Sophia";"Smith";"12A";"2";"100";"82";"70";"78";"65.9";"79";1;0;"25-26"
"1055";"Emma";"Harris";"10B";"2";"100";"47";"40";"52";"79.7";"67";0;1;"25-26"
"1068";"Ethan";"White";"10B";"1";"51";"65";"72";"55";"73.7";"64";1;0;"25-26"
"1071";"Olivia";"Lee";"12A";"1";"64";"81";"70";"77";"87.5";"90";1;0;"25-26"
"1031";"Lucas";"White";"12B";"1";"60";"77";"100";"82";"73.3";"88";1;0;"25-26"
"1006";"Sophia";"Lee";"12B";"1";"73";"84";"59";"88";"68.1";"63";1;0;"25-26"
"1043";"Liam";"White";"11A";"1";"76";"65";"88";"87";"100";"82";1;1;"25-26"
"1066";"Harper";"Smith";"10A";"2";"33";"58";"93";"62";"69";"50";1;1;"27-28"
"1026";"Harper";"Walker";"10B";"2";"71";"53";"81";"46";"92";"68";1;0;"27-28"
"1157";"Liam";"Johnson";"10B";"2";"81";"81";"100";"36";"69";"73";1;1;"26-27"
"1184";"Lucas";"Taylor";"12A";"1";"73";"96";"68";"75";"77.9";"98";1;0;"26-27"
"1194";"Ava";"Brown";"11B";"2";"60";"31";"88";"56";"97.2";"65";0;0;"26-27"
"1135";"Mason";"Smith";"11A";"2";"48";"84";"82";"76";"81.1";"76";1;0;"27-28"
"1179";"Olivia";"Johnson";"11A";"1";"98";"71";"90";"71";"91.8";"82";1;0;"27-28"
"1186";"Elijah";"White";"11A";"2";"67";"79";"80";"86";"93.8";"68";1;0;"27-28"
"1133";"Logan";"Harris";"12A";"1";"69";"81";"91";"46";"84.7";"75";1;0;"25-26"
"1158";"Evelyn";"Smith";"12B";"2";"64";"79";"70";"83";"80.9";"68";1;0;"25-26"
"1126";"Alice";"Smith";"12B";"1";"53";"65";"74";"72";"94.9";"65";1;0;"25-26"
"1140";"Ava";"Morgan";"11B";"2";"92";"83";"75";"45";"73.8";"65";1;1;"26-27"
"1195";"James";"Smith";"11B";"2";"71";"82";"74";"100";"79.2";"75";1;0;"27-28"
"1029";"Noah";"Brown";"11B";"1";"66";"51";"57";"74";"89.6";"61";1;0;"25-26"
"1124";"Daniel";"Lee";"11B";"2";"72";"77";"58";"91";"82.9";"88";1;0;"26-27"
"1009";"Emma";"Walker";"11B";"1";"61";"48";"66";"60";"89.1";"65";0;1;"26-27"
"1162";"Liam";"Morgan";"12A";"1";"92";"96";"87";"56";"97.1";"88";1;0;"27-28"
"1155";"Mia";"Morgan";"12A";"2";"70";"60";"77";"95";"96.4";"83";1;0;"27-28"
"1188";"Mason";"Martin";"10A";"2";"85";"79";"80";"59";"98.1";"76";1;0;"25-26"
"1084";"James";"Harris";"10B";"2";"89";"51";"68";"75";"98.1";"80";1;1;"25-26"
"1092";"Lucas";"Walker";"12A";"2";"82";"59";"86";"100";"90.3";"89";1;0;"25-26"
"1111";"Daniel";"Harris";"10A";"2";"100";"63";"80";"45";"79.4";"59";1;0;"26-27"
"1174";"Ava";"Martin";"12B";"1";"78";"90";"76";"78";"80.5";"100";1;1;"25-26"
"1183";"Liam";"Martin";"12A";"2";"99";"70";"84";"97";"87.8";"83";1;0;"27-28"
"1042";"Mason";"Lee";"10B";"1";"62";"67";"46";"64";"85.8";"66";0;0;"25-26"
"1011";"Olivia";"Smith";"11A";"1";"49";"78";"100";"91";"70.6";"75";1;0;"26-27"
"1040";"Harper";"Morgan";"11B";"1";"60";"66";"70";"73";"91.3";"68";1;1;"26-27"
"1056";"Mason";"Harris";"11A";"1";"70";"78";"82";"83";"88.6";"93";1;0;"25-26"
"1010";"Evelyn";"White";"10B";"1";"60";"93";"53";"68";"77.3";"70";1;0;"26-27"
"1153";"Isabella";"Martin";"10A";"1";"66";"44";"66";"57";"87.8";"61";0;0;"27-28"
"1180";"Liam";"Walker";"10B";"1";"71";"67";"74";"71";"96.6";"62";1;0;"25-26"
"1005";"Benjamin";"Harris";"12A";"2";"65";"83";"51";"66";"99.6";"60";1;0;"27-28"
"1008";"Isabella";"Lee";"11A";"2";"88";"58";"85";"83";"85";"59";1;1;"27-28"
"1075";"Harper";"Brown";"10B";"2";"68";"60";"62";"67";"80.6";"66";1;0;"25-26"
"1105";"Mason";"Johnson";"10A";"2";"74";"51";"81";"85";"90.4";"69";1;0;"25-26"
"1041";"Ethan";"Lee";"10B";"2";"43";"65";"39";"71";"75.9";"73";0;0;"27-28"
"1078";"Emma";"Taylor";"10B";"2";"75";"51";"43";"81";"91";"60";1;0;"25-26"
"1099";"Ava";"White";"12A";"2";"68";"75";"73";"64";"67";"75";1;1;"27-28"
"1147";"Elijah";"Morgan";"10A";"1";"78";"47";"59";"66";"96.7";"57";1;1;"26-27"
"1027";"Noah";"White";"10B";"2";"82";"42";"70";"86";"95.3";"73";1;0;"26-27"
"1064";"Olivia";"White";"11B";"1";"69";"67";"81";"74";"92.1";"65";1;1;"27-28"
"1094";"Noah";"Taylor";"12A";"1";"76";"47";"74";"85";"85.6";"79";1;0;"26-27"
"1117";"Mia";"Martin";"10A";"2";"74";"68";"68";"89";"85.2";"56";1;0;"27-28"
"1136";"Mia";"Lee";"11B";"1";"53";"45";"77";"85";"84.8";"59";1;1;"26-27"
"1145";"Ethan";"Smith";"11A";"1";"70";"100";"55";"85";"73.1";"74";1;1;"25-26"
"1166";"Benjamin";"Martin";"11B";"1";"72";"67";"62";"76";"86.7";"73";1;1;"25-26"
"1047";"Olivia";"Martin";"12A";"2";"88";"78";"90";"57";"79.7";"76";1;0;"27-28"
"1032";"Olivia";"Morgan";"12B";"1";"84";"57";"91";"73";"72.7";"82";1;0;"25-26"
"1034";"Noah";"Walker";"10B";"1";"61";"63";"67";"64";"100";"50";1;0;"25-26"
"1110";"Mason";"Taylor";"10B";"1";"68";"76";"62";"70";"84.4";"50";1;1;"27-28"
"1067";"Elijah";"Taylor";"10A";"2";"58";"69";"60";"71";"100";"70";1;0;"27-28"
"1127";"Logan";"Martin";"12A";"1";"78";"100";"94";"61";"79.9";"85";1;0;"27-28"
"1016";"Mason";"White";"12B";"2";"44";"85";"78";"63";"79.7";"77";1;0;"26-27"
"1021";"Olivia";"Taylor";"12B";"1";"77";"90";"70";"53";"79.1";"85";1;0;"25-26"
"1106";"James";"Morgan";"11A";"1";"79";"77";"91";"71";"72.2";"82";1;0;"26-27"
"1069";"Harper";"Johnson";"11A";"2";"72";"64";"69";"73";"93.4";"53";1;0;"27-28"
"1095";"Amelia";"White";"11A";"1";"68";"49";"70";"68";"81.3";"59";1;1;"26-27"
"1103";"Sophia";"Walker";"10B";"1";"71";"56";"63";"53";"87.8";"79";1;0;"27-28"
"1129";"Mia";"Walker";"11A";"1";"66";"84";"83";"78";"97.1";"50";1;1;"26-27"
"1181";"Logan";"White";"10B";"1";"60";"71";"58";"72";"80.5";"53";1;0;"26-27"
"1050";"Logan";"Taylor";"10A";"2";"61";"53";"57";"74";"92.8";"52";1;0;"25-26"
"1089";"Alice";"Harris";"10A";"2";"41";"90";"88";"78";"100";"85";1;0;"25-26"
"1160";"Elijah";"Johnson";"12A";"1";"80";"89";"64";"92";"94.2";"72";1;0;"27-28"
"1193";"Sophia";"Brown";"12A";"2";"64";"72";"77";"84";"91.4";"68";1;0;"26-27"
"1196";"Alice";"Taylor";"12B";"2";"90";"82";"100";"58";"85.4";"77";1;1;"27-28"
"1077";"Noah";"Smith";"11A";"2";"91";"87";"87";"73";"90.7";"100";1;0;"25-26"
"1076";"Sophia";"Morgan";"12A";"2";"94";"77";"80";"87";"96.7";"76";1;0;"25-26"
"1096";"Isabella";"Smith";"12A";"2";"71";"72";"83";"81";"75.1";"68";1;0;"26-27"
"1170";"Benjamin";"White";"11B";"2";"62";"65";"95";"54";"100";"64";1;0;"26-27"
"1028";"Evelyn";"Walker";"12A";"1";"58";"76";"74";"92";"86.1";"75";1;0;"27-28"
"1151";"Amelia";"Smith";"11B";"1";"64";"52";"58";"67";"76.3";"50";1;1;"25-26"
"1185";"Amelia";"Morgan";"12B";"1";"71";"90";"100";"73";"77.2";"100";1;0;"25-26"
"1074";"Isabella";"Morgan";"12B";"2";"72";"61";"83";"77";"89.6";"68";1;0;"25-26"
"1109";"Mia";"Harris";"11B";"1";"76";"98";"50";"76";"78.1";"87";1;1;"25-26"
"1134";"Harper";"Martin";"10A";"2";"100";"73";"81";"60";"83.3";"68";1;1;"26-27"
"1132";"Isabella";"Johnson";"11B";"2";"80";"63";"65";"91";"92.6";"83";1;0;"26-27"
"1190";"Mason";"Brown";"11B";"1";"83";"69";"84";"60";"80";"75";1;0;"27-28"
"1013";"Alice";"White";"12B";"2";"90";"76";"95";"91";"94.8";"90";1;0;"26-27"
"1018";"Mia";"Brown";"12A";"2";"100";"78";"71";"100";"90.6";"90";1;0;"27-28"
"1175";"Daniel";"Smith";"12A";"2";"73";"59";"77";"87";"77";"71";1;0;"27-28"
"1025";"Daniel";"Walker";"11B";"1";"68";"87";"80";"76";"78.8";"67";1;0;"25-26"
"1037";"Isabella";"Harris";"12A";"2";"73";"65";"88";"46";"86";"91";1;0;"26-27"
"1080";"Evelyn";"Taylor";"10A";"2";"70";"74";"71";"100";"82.6";"72";1;0;"26-27"
"1122";"Logan";"Brown";"10A";"2";"82";"73";"67";"45";"100";"71";1;1;"26-27"
"1141";"Ava";"Lee";"11A";"1";"73";"70";"60";"97";"75.1";"79";1;0;"27-28"
"2079";"Mia";"Taylor";"11B";"1";"98.9";"55.2";"67.6";"59.5";"82.5";"40.2";1;0;"26-27"
"2115";"Ethan";"Martin";"10B";"1";"84.3";"95";"99.4";"46.9";"98";"52.7";1;0;"26-27"
"2172";"Ava";"Martin";"12B";"1";"83.9";"90.3";"66.9";"92.3";"81";"90.6";1;0;"25-26"
"2063";"Sophia";"Harris";"11B";"1";"97";"31.4";"32.6";"51.3";"63.5";"54.9";1;0;"27-28"
"2131";"Alice";"Brown";"11B";"1";"38.7";"32.7";"40.8";"52.4";"60.1";"41.3";0;0;"25-26"
"2198";"Evelyn";"Walker";"10B";"1";"98.8";"33.3";"45.3";"88.1";"71.4";"69.8";1;0;"26-27"
"2004";"Logan";"Smith";"10B";"2";"33.9";"66";"53.2";"99.4";"99.1";"51.2";1;1;"27-28"
"2156";"James";"Martin";"11B";"1";"63.2";"70.4";"90";"85.8";"67.9";"56.3";1;0;"26-27"
"2001";"Benjamin";"Smith";"12B";"1";"60.5";"88.9";"88.9";"70.8";"65";"80.5";1;0;"25-26"
"2081";"Olivia";"Harris";"11B";"2";"78.1";"66.2";"85.2";"78.1";"86.9";"64.9";1;1;"27-28"
"2098";"Isabella";"Brown";"12B";"1";"33.4";"59.2";"84.4";"39.1";"86.7";"92";1;1;"25-26"
"2152";"Daniel";"Smith";"11B";"1";"69.9";"35.1";"58.9";"36.6";"61.3";"98.4";1;1;"25-26"
"2085";"Ethan";"Brown";"10B";"1";"55.4";"82.6";"34.1";"96.6";"98.1";"52";1;0;"25-26"
"2082";"Emma";"Lee";"12B";"1";"55.6";"38.1";"90.5";"37.8";"76.1";"95.8";1;1;"26-27"
"2163";"Olivia";"Martin";"11B";"2";"62";"74.8";"34.8";"37.1";"65.8";"48.6";1;1;"27-28"
"2045";"Sophia";"Morgan";"10B";"1";"56.6";"47.6";"54.7";"52.4";"97.5";"74.9";1;0;"25-26"
"2121";"Harper";"Harris";"10B";"2";"64.1";"89.3";"52.8";"78.8";"98.4";"74.8";1;1;"25-26"
"2159";"Noah";"Harris";"10B";"1";"46.7";"99.2";"43.8";"44.5";"83.2";"67.3";1;1;"27-28"
"2022";"James";"Smith";"11B";"2";"33.5";"32.8";"50";"65.7";"99.6";"73.7";0;0;"25-26"
"2039";"Isabella";"Walker";"11B";"1";"68.1";"48.1";"46";"97.2";"97.8";"99.6";1;0;"26-27"
"2057";"Harper";"Taylor";"12B";"2";"48.7";"83.6";"41.3";"85.1";"80.9";"57";1;0;"26-27"
"2065";"Olivia";"White";"12B";"1";"36.1";"91.9";"55.4";"60.3";"82.9";"78.6";1;0;"27-28"
"2199";"Benjamin";"White";"12B";"1";"77";"57.3";"95";"65.6";"80.4";"44.7";1;1;"26-27"
"2030";"Elijah";"Harris";"10B";"2";"90.3";"93.1";"50.6";"44.3";"62.6";"49.4";1;0;"26-27"
"2191";"Mason";"White";"12B";"2";"92.4";"75.9";"62.5";"63.9";"97.1";"61.4";1;0;"26-27"
"2113";"Sophia";"Smith";"10B";"1";"42.2";"36.4";"53.3";"44.9";"97.8";"55.2";0;1;"27-28"
"2138";"Elijah";"Smith";"12B";"2";"54.2";"81";"56.3";"59";"80.7";"77.8";1;1;"27-28"
"2015";"Lucas";"Taylor";"12B";"1";"60.9";"96.4";"46";"73.1";"94";"76.3";1;0;"26-27"
"2059";"Alice";"Johnson";"10B";"1";"39";"73.3";"45";"54.2";"97.7";"43.9";1;0;"27-28"
"2038";"Ethan";"White";"10B";"1";"50.1";"39.6";"42.1";"78.7";"90.4";"58.2";1;1;"25-26"
"2130";"Isabella";"Morgan";"12B";"2";"31.4";"95.7";"87.3";"69";"65.3";"98.8";1;0;"26-27"
"2003";"Olivia";"Morgan";"11B";"2";"64";"39.4";"33.7";"89.2";"70.8";"50.5";1;0;"26-27"
"2100";"Lucas";"Walker";"11B";"1";"83.6";"58.1";"69.5";"92";"98.3";"66.1";1;0;"27-28"
"2154";"Elijah";"Smith";"11B";"2";"48";"66.5";"57.7";"49.7";"80.1";"79.9";1;0;"26-27"
"2023";"Mia";"Harris";"10B";"1";"37.8";"35.4";"91.5";"64.9";"93.2";"60.7";1;1;"25-26"
"2125";"Logan";"White";"12B";"1";"32.2";"59.1";"89.7";"79.9";"91.4";"96.7";1;1;"27-28"
"2178";"Isabella";"Johnson";"11B";"2";"30";"32.7";"76.6";"66.2";"93.1";"71.7";1;1;"27-28"
"2087";"Isabella";"Walker";"11B";"1";"88.4";"43.5";"49.8";"31.5";"86.8";"98.7";1;0;"26-27"
"2112";"Logan";"Brown";"10B";"1";"43.1";"60.6";"86.2";"87.6";"71.8";"61.8";1;0;"25-26"
"2123";"Lucas";"Morgan";"10B";"1";"88.6";"52.9";"79.8";"92.4";"85";"56.5";1;1;"27-28"
"2061";"Alice";"Smith";"11B";"1";"54.9";"85.2";"65.4";"93.7";"63.7";"90.9";1;0;"27-28"
"2149";"Alice";"Johnson";"10B";"2";"90.1";"44.2";"41.9";"49.2";"82.9";"48.4";1;0;"25-26"
"2033";"Alice";"Martin";"12B";"1";"56.2";"62.7";"52.3";"75";"99.5";"64.9";1;0;"26-27"
"2019";"Alice";"Smith";"12B";"1";"99.9";"38.1";"77.3";"68.2";"78.5";"75.7";1;1;"26-27"
"2062";"Amelia";"Morgan";"12B";"2";"69.1";"99.1";"47.5";"47.4";"73.8";"71.9";1;1;"26-27"
"2120";"Olivia";"Johnson";"12B";"2";"87.7";"78.9";"98.1";"34.8";"77.7";"69.7";1;1;"25-26"
"2137";"Mason";"Harris";"11B";"2";"39.7";"79";"76.2";"94.8";"75.4";"90.5";1;0;"27-28"
"2150";"Logan";"Lee";"10B";"1";"71";"63.8";"83.8";"78.9";"79.2";"84.3";1;0;"25-26"
"2060";"Daniel";"Martin";"10B";"1";"43.2";"77.1";"40.6";"35.8";"88.1";"92.7";0;1;"26-27"
"2102";"Amelia";"Brown";"12B";"1";"40.9";"38.3";"55";"94.6";"96.1";"85.5";1;0;"26-27"
"2146";"Noah";"Brown";"10B";"2";"73.4";"45.3";"98.3";"31.1";"93";"81.7";1;1;"26-27"
"2176";"Ava";"Walker";"11B";"2";"54.3";"91.9";"74.6";"74.8";"87";"44.5";1;1;"27-28"
"2017";"Ava";"Martin";"10B";"2";"72.7";"50.3";"35";"70.6";"67.8";"77.9";1;0;"25-26"
"2020";"Ethan";"Martin";"11B";"2";"97.2";"84.3";"74.6";"48.2";"63.1";"60.4";1;0;"26-27"
"2054";"Amelia";"Johnson";"10B";"1";"82";"96";"57.9";"53.3";"91.6";"50.3";1;0;"25-26"
"2073";"Alice";"White";"12B";"1";"45.1";"78.1";"67.8";"60.2";"70.2";"55.6";1;0;"27-28"
"2051";"Liam";"Lee";"12B";"2";"79.1";"58.9";"37.8";"36.4";"62.1";"97.1";1;1;"25-26"
"2048";"Isabella";"Taylor";"11B";"1";"46.1";"68.8";"67.4";"64.8";"65.9";"82.6";1;0;"26-27"
"2046";"James";"Brown";"12B";"2";"75.3";"88";"44";"43.9";"75.8";"78";1;0;"27-28"
"2072";"Evelyn";"Lee";"12B";"2";"49";"96";"86.5";"59.3";"65.8";"53.9";1;0;"25-26"
"2128";"Sophia";"Martin";"10B";"2";"31.7";"45.2";"40.8";"97.3";"77.6";"61.3";1;0;"25-26"
"2182";"Benjamin";"Harris";"11B";"2";"71";"67.7";"59";"99.2";"70.3";"93.5";1;1;"27-28"
"2139";"Harper";"Lee";"10B";"2";"61";"91";"35.4";"95.8";"70.6";"66.1";1;1;"27-28"
"2200";"Logan";"Morgan";"12B";"1";"52";"82";"34.4";"41.5";"95.7";"45.4";1;0;"27-28"
"2119";"Olivia";"Martin";"10B";"2";"39.2";"46.1";"67.5";"93.5";"68.3";"80.5";1;0;"25-26"
"2086";"Emma";"Brown";"10B";"1";"77.1";"63.1";"75.8";"68.5";"75.1";"86.5";1;0;"27-28"
"2044";"Olivia";"Harris";"12B";"1";"65.8";"72.3";"48.4";"41.5";"85";"54.5";1;1;"27-28"
"2167";"Emma";"Taylor";"10B";"2";"56";"76.7";"66.8";"53.7";"88.2";"61.6";1;1;"27-28"
"2088";"Mia";"White";"10B";"1";"56.3";"85.6";"32.1";"39.8";"62";"58";1;0;"26-27"
"2165";"Mia";"Walker";"11B";"1";"40.2";"92.1";"65";"45.3";"73.6";"74";1;0;"26-27"
"2101";"Isabella";"White";"11B";"2";"44.7";"43.9";"87.9";"66";"88.9";"84.5";1;0;"27-28"
"2091";"Isabella";"Walker";"10B";"2";"68.2";"80.6";"70";"32.1";"76.5";"42.8";1;0;"25-26"
"2168";"Evelyn";"Harris";"12B";"1";"32.3";"69.2";"81";"44.2";"96.4";"86.9";1;0;"27-28"
"2036";"James";"Walker";"12B";"2";"99.8";"50.5";"82.1";"40";"62.4";"91.7";1;1;"25-26"
"2187";"Ethan";"Martin";"10B";"2";"95.7";"36.6";"81.7";"48.4";"96.2";"70.8";1;0;"26-27"
"2189";"Alice";"Harris";"10B";"2";"89";"78.2";"80.9";"69.6";"61.8";"83";1;0;"26-27"
"2035";"Alice";"Lee";"11B";"1";"91.2";"34.9";"59.8";"48.9";"96.9";"40.4";1;1;"27-28"
"2104";"Logan";"Johnson";"12B";"1";"31.3";"50.5";"66.1";"43.7";"85.1";"63.1";0;1;"26-27"
"2169";"Isabella";"White";"11B";"2";"83.3";"68.1";"83.7";"81.3";"62.7";"56.3";1;1;"25-26"
"2192";"Noah";"Lee";"12B";"2";"59.2";"66.2";"59";"84.6";"73.1";"44.2";1;1;"26-27"
"2070";"Lucas";"Smith";"12B";"1";"55.5";"38.2";"68.4";"39.7";"64.3";"53.5";1;0;"25-26"
"2097";"James";"Brown";"10B";"1";"91.4";"32.2";"43.6";"75.5";"68.9";"68.1";1;0;"26-27"
"2052";"Olivia";"Lee";"12B";"2";"71.7";"63.1";"75.7";"82.1";"69.1";"46.5";1;1;"26-27"
"2007";"Harper";"Morgan";"11B";"2";"40.1";"62.4";"83.5";"99.5";"95.7";"77.4";1;1;"25-26"
"2014";"Isabella";"Morgan";"12B";"1";"35.8";"50.9";"63.9";"73.2";"87.3";"55.2";1;1;"27-28"
"2107";"Olivia";"White";"11B";"1";"90.7";"75.4";"93";"43.2";"82.7";"88.9";1;1;"25-26"
"2171";"Olivia";"Smith";"12B";"1";"89.6";"44.2";"63.9";"53.6";"84.8";"83.4";1;0;"26-27"
"2093";"Mia";"White";"10B";"1";"36.5";"87.8";"48.2";"92.8";"82.2";"46";1;1;"25-26"
"2173";"Benjamin";"Lee";"12B";"2";"57.9";"61.4";"52.7";"49.6";"69.9";"44.4";1;1;"27-28"
"2161";"Isabella";"Martin";"12B";"1";"77";"56.3";"49";"79.4";"88.4";"57.4";1;0;"27-28"
"2049";"Evelyn";"Johnson";"11B";"2";"74.8";"31";"74.9";"46.1";"77.4";"40.4";1;1;"27-28"
"2144";"Noah";"Morgan";"12B";"1";"72.3";"76.6";"86.8";"39.1";"81.3";"98.7";1;0;"26-27"
"2012";"Evelyn";"Brown";"12B";"2";"73.8";"40.2";"90.5";"75";"83.7";"67";1;1;"27-28"
"2055";"Lucas";"Walker";"10B";"1";"67";"90.7";"61.5";"49.2";"97";"86.6";1;0;"27-28"
"2068";"Sophia";"Johnson";"10B";"2";"81.3";"34.1";"57.1";"63.8";"61.9";"70.9";1;0;"27-28"
"2071";"Daniel";"White";"12B";"1";"52.8";"44.8";"34.9";"71.7";"86.8";"83.1";1;1;"27-28"
"2031";"Mia";"Martin";"12B";"2";"55.8";"70.4";"43.3";"33.8";"64.3";"77.8";1;1;"27-28"
"1000";"Ethan";"Smith";"10B";"2";"66.2";"97.7";"59";"87.8";"69.8";"95.3";1;1;"27-28"
"2006";"Isabella";"Brown";"10B";"2";"42.6";"73.7";"56";"52.5";"66.4";"47";1;0;"25-26"
"2043";"Evelyn";"Morgan";"10B";"2";"59";"38.2";"68.3";"67.1";"81.9";"70.3";1;0;"26-27"
"2066";"Noah";"Harris";"11B";"1";"32.9";"63.1";"76.9";"95.7";"65.7";"65.9";1;1;"26-27"
"2026";"Harper";"White";"12B";"1";"56.1";"95.7";"86.9";"97.2";"75.4";"88.2";1;1;"27-28"
"2157";"Liam";"Harris";"10B";"1";"87.5";"64.9";"79.6";"56.9";"67.6";"53.3";1;0;"25-26"
"2184";"Mia";"Taylor";"12B";"1";"65.5";"55.2";"79.4";"51.5";"75.3";"64.2";1;0;"25-26"
"2194";"Emma";"Taylor";"12B";"2";"71";"46.9";"72.7";"33.4";"75.5";"74.5";1;0;"25-26"
"2135";"Sophia";"Lee";"10B";"1";"87.1";"59.7";"91.5";"54";"86.5";"55.9";1;1;"27-28"
"2179";"Harper";"Smith";"12B";"1";"73.2";"80.5";"69.3";"51";"97.2";"66.7";1;1;"26-27"
"2186";"Ava";"Taylor";"10B";"2";"33.6";"45.5";"74.2";"85";"86.1";"76.8";1;1;"26-27"
"2114";"Logan";"Walker";"10B";"2";"90.6";"95.9";"42.6";"52.4";"64.4";"62.5";1;1;"25-26"
"2133";"Mason";"Harris";"12B";"1";"63.4";"60.8";"56.2";"58.3";"65.4";"69.4";1;0;"26-27"
"2158";"Evelyn";"Taylor";"10B";"2";"82.6";"73.2";"65.1";"77.7";"64.2";"89.2";1;1;"25-26"
"2126";"Benjamin";"Taylor";"12B";"2";"84.2";"38.3";"94.1";"93.9";"71.7";"60.5";1;0;"25-26"
"2140";"Daniel";"Harris";"11B";"1";"44.1";"89.6";"89.5";"87.1";"83.5";"45.7";1;1;"25-26"
"2116";"Emma";"Walker";"11B";"1";"53.1";"45.3";"51.6";"79.7";"83.6";"81.6";1;1;"26-27"
"2195";"Emma";"Taylor";"10B";"2";"38";"58.1";"52.3";"71.1";"70.1";"53.7";1;0;"27-28"
"2029";"Alice";"Harris";"11B";"2";"33.2";"55.4";"58";"92.9";"97.5";"58.8";1;1;"26-27"
"2124";"Daniel";"Johnson";"12B";"1";"66.9";"59.2";"83.1";"79.4";"79.1";"91";1;0;"27-28"
"2009";"Logan";"Lee";"12B";"2";"66.8";"73.6";"71.7";"49.5";"81";"63.1";1;0;"25-26"
"2162";"Mason";"Walker";"10B";"2";"62.8";"41.8";"77.6";"63.8";"84.1";"46.4";1;1;"26-27"
"2155";"Mason";"Smith";"12B";"1";"81.5";"90";"88.1";"52.8";"65.8";"45.3";1;0;"26-27"
"2084";"Alice";"Harris";"11B";"1";"31.4";"77.1";"69";"89.8";"66.3";"76.2";1;1;"27-28"
"2092";"Mason";"Johnson";"10B";"2";"93.1";"39.1";"44";"31.8";"81.5";"85";1;1;"26-27"
"2111";"James";"Smith";"11B";"2";"32.2";"98.5";"37.9";"66.1";"62";"75.7";1;1;"26-27"
"2174";"Evelyn";"Lee";"10B";"2";"73.1";"46";"95.6";"52.7";"82.4";"60.7";1;1;"27-28"
"2183";"Ava";"Taylor";"11B";"2";"85.6";"35";"75.4";"51.1";"77.3";"45.7";1;0;"26-27"
"2042";"Noah";"Brown";"12B";"1";"61.8";"87.6";"69.6";"99.4";"85.9";"62.9";1;0;"27-28"
"2011";"Isabella";"White";"10B";"1";"80";"64.5";"76.6";"83.5";"88.4";"87.5";1;1;"27-28"
"2040";"Emma";"Taylor";"10B";"1";"48.1";"49.3";"84.8";"67.5";"67.2";"40.6";1;0;"26-27"
"2010";"Ethan";"Lee";"10B";"2";"33.3";"58.4";"86.2";"83.6";"90.1";"40.2";1;0;"26-27"
"2058";"Noah";"Harris";"12B";"2";"56.6";"53.9";"93.1";"62.5";"73.1";"49.2";1;1;"27-28"
"2153";"Ava";"Walker";"11B";"1";"39.7";"97.7";"56.3";"51";"60.7";"93.8";1;1;"26-27"
"2180";"Noah";"White";"10B";"1";"85.9";"88.2";"56.2";"36.3";"74.4";"89.5";1;0;"27-28"
"2005";"Logan";"Morgan";"12B";"1";"57.6";"82.3";"48.8";"49.9";"63.7";"96.8";1;1;"27-28"
"2008";"James";"Walker";"10B";"1";"65.2";"94.7";"51.6";"54.2";"93";"74.6";1;0;"27-28"
"2075";"Emma";"Morgan";"12B";"2";"34.3";"52.8";"64.6";"43.3";"71.2";"58.2";0;1;"26-27"
"2105";"Sophia";"Harris";"11B";"1";"52.1";"33.8";"88.1";"55.2";"81.1";"71.7";1;1;"25-26"
"2041";"Amelia";"Morgan";"11B";"1";"46.2";"40.8";"90";"65";"78";"53.8";1;1;"26-27"
"2078";"Mason";"Lee";"11B";"1";"64.7";"32";"52.5";"51";"92.2";"87.5";1;0;"27-28"
"2099";"Lucas";"White";"11B";"1";"87.2";"86.1";"48.4";"80.5";"61.7";"88.7";1;1;"27-28"
"2147";"Daniel";"Brown";"12B";"2";"100";"82";"63";"68.6";"62";"87.4";1;1;"27-28"
"2027";"Daniel";"Brown";"12B";"1";"54.1";"98.8";"76.2";"63.3";"69.6";"88.1";1;0;"25-26"
"2064";"Benjamin";"Morgan";"10B";"1";"91.6";"77.6";"86.4";"40.2";"83.8";"90.4";1;1;"26-27"
"2094";"Mia";"Morgan";"10B";"1";"46.4";"97.8";"86.9";"84.5";"91";"76.6";1;1;"25-26"
"2117";"Mia";"Harris";"12B";"2";"32.9";"68.9";"76.3";"44.2";"75";"40.6";1;0;"25-26"
"2136";"Ava";"Johnson";"12B";"2";"70.2";"55.8";"49.7";"54";"89.9";"85.7";1;0;"27-28"
"2145";"Logan";"Brown";"10B";"2";"36.3";"98";"79.9";"77.7";"68.8";"83.1";1;1;"27-28"
"2166";"Alice";"Taylor";"12B";"1";"43";"36.9";"78.5";"76.5";"78.3";"70.6";1;0;"26-27"
"2047";"Mia";"Brown";"12B";"1";"44.8";"93.1";"72.7";"51.4";"86.9";"60.4";1;0;"26-27"
"2032";"Elijah";"Walker";"11B";"2";"33.3";"37.8";"90.5";"31.1";"63.4";"85.2";0;1;"26-27"
"2034";"Emma";"Smith";"10B";"2";"30.3";"49.5";"77.6";"55.5";"99.3";"75.8";1;1;"25-26"
"2090";"Ava";"Morgan";"12B";"1";"50";"59.9";"44.2";"93.7";"79.8";"89.7";1;1;"27-28"
"2110";"Sophia";"Martin";"10B";"1";"93.4";"69.9";"54.8";"40";"90.4";"55.7";1;1;"25-26"
"2002";"Emma";"Brown";"12B";"2";"96.9";"82.7";"87.9";"63.8";"95.3";"85.4";1;1;"25-26"
"2127";"Emma";"Harris";"10B";"2";"55.5";"86.5";"89.2";"75.7";"91.1";"48";1;0;"25-26"
"2016";"Ethan";"Brown";"10B";"2";"84.1";"63.2";"55.1";"92.8";"78.9";"84.8";1;1;"25-26"
"2021";"Mia";"Taylor";"12B";"1";"84.8";"92.2";"40.1";"51.8";"81.5";"82.2";1;0;"27-28"
"2106";"Evelyn";"White";"10B";"2";"81.6";"58.1";"74.4";"70.7";"79.5";"47.9";1;1;"25-26"
"2069";"Mia";"Brown";"12B";"1";"88.9";"36.9";"92";"75.5";"66.1";"81.4";1;1;"26-27"
"2095";"Ava";"Walker";"12B";"2";"62.9";"64.3";"48.5";"35.6";"76.2";"96.9";1;1;"27-28"
"2103";"Benjamin";"Morgan";"11B";"2";"62.1";"34.9";"73.2";"40.3";"78.5";"57.2";1;1;"26-27"
"2129";"Amelia";"Smith";"11B";"1";"30.2";"64.4";"88";"51.4";"70.9";"48.7";1;0;"27-28"
"2050";"Daniel";"Taylor";"12B";"1";"59.6";"69.4";"86.2";"72.3";"95.5";"72.8";1;0;"26-27"
"2089";"Benjamin";"Taylor";"10B";"2";"84.8";"88.7";"67.3";"77.9";"92.6";"88.3";1;0;"25-26"
"2160";"Emma";"Lee";"12B";"1";"61.1";"82.7";"35";"94.4";"99.7";"84.7";1;0;"25-26"
"2193";"Ethan";"Brown";"11B";"1";"77.9";"50.6";"92.7";"40.6";"97.1";"69.5";1;1;"27-28"
"2196";"Sophia";"Martin";"12B";"1";"84.1";"41.8";"42.2";"35.3";"73.7";"88.5";1;1;"26-27"
"2077";"Mason";"Smith";"10B";"1";"32.8";"53";"77.9";"81.1";"92.6";"61.3";1;1;"27-28"
"2076";"Harper";"Walker";"12B";"1";"59.6";"58.4";"92.4";"37.5";"80.6";"64.3";1;0;"27-28"
"2096";"Amelia";"Martin";"10B";"2";"47.9";"87.6";"43.8";"75.9";"75.4";"69.3";1;1;"26-27"
"2170";"Isabella";"Walker";"11B";"2";"68.1";"50.6";"33.1";"91";"87.8";"60.3";1;1;"25-26"
"2028";"Amelia";"White";"11B";"1";"38.5";"54.5";"76.5";"78";"76.1";"89.9";1;1;"26-27"
"2151";"Ava";"Walker";"10B";"1";"74.6";"37.8";"91";"85.3";"68.7";"53.2";1;0;"26-27"
"2185";"Elijah";"Harris";"12B";"1";"95.3";"32.8";"70.8";"30.7";"83.8";"83.6";1;0;"26-27"
"2074";"Isabella";"Morgan";"10B";"1";"95.3";"38.9";"33.4";"32.8";"79.6";"66.8";1;0;"25-26"
"2109";"James";"Lee";"10B";"2";"61.8";"88.3";"99.2";"54.8";"79.3";"52.6";1;0;"27-28"
"2134";"James";"Morgan";"11B";"2";"58.6";"92.6";"54";"51.5";"99.1";"73.2";1;1;"25-26"
"2132";"Noah";"Taylor";"12B";"1";"47.6";"89.5";"84.1";"71.4";"68.6";"75.3";1;0;"26-27"
"2190";"Lucas";"Morgan";"11B";"1";"75.8";"95.4";"66.3";"47.6";"94.7";"73.4";1;1;"25-26"
"2018";"Logan";"Morgan";"11B";"2";"65.6";"96.2";"98.3";"74.7";"92.6";"87.8";1;0;"25-26"
"2175";"Liam";"Martin";"12B";"2";"53.8";"77.7";"78.9";"66.4";"76";"87.4";1;0;"25-26"
"2025";"Lucas";"Walker";"11B";"2";"82.9";"97.6";"61.7";"33.7";"99";"71";1;0;"25-26"
"2037";"Mason";"Morgan";"12B";"2";"65.2";"86.8";"44.8";"88.9";"73.1";"95.1";1;1;"27-28"
"2080";"Emma";"Johnson";"10B";"2";"56";"52.7";"87.8";"30.5";"81.9";"53.3";1;1;"26-27"
"2148";"Amelia";"Smith";"12B";"2";"38.5";"45.2";"36.7";"57.9";"92.4";"41.1";0;1;"27-28"
"2122";"Benjamin";"White";"11B";"1";"31.8";"88.2";"71.4";"93.9";"78.7";"45.9";1;1;"27-28"
"2141";"Sophia";"Morgan";"12B";"1";"37.5";"45.2";"68.5";"69.6";"68.9";"89.1";1;0;"25-26"
"3079";"Sophia";"Martin";"12B";"1";"79.8";"83";"64";"86.8";"87.7";"44.9";1;1;"26-27"
"3115";"Ethan";"Walker";"10B";"1";"77.8";"37.1";"77.3";"36.3";"79.4";"41.3";1;1;"25-26"
"3172";"Lucas";"Harris";"12B";"1";"47.9";"55";"58.4";"73.4";"87.1";"55.4";1;0;"27-28"
"3063";"Noah";"Smith";"11B";"1";"31";"47.6";"71.9";"98.9";"81.3";"84.2";1;1;"25-26"
"3053";"Evelyn";"White";"11B";"2";"70.1";"75.2";"70.5";"73.9";"89.3";"75.1";1;0;"26-27"
"3131";"Sophia";"Martin";"11B";"2";"46.6";"94.3";"99.6";"49.2";"60.4";"55.1";1;1;"27-28"
"3164";"James";"White";"11B";"1";"50.4";"95";"45.9";"53.3";"76.2";"91.1";1;0;"26-27"
"3198";"Sophia";"Martin";"10B";"2";"36.8";"90.7";"52.6";"46.6";"69.9";"80.4";1;0;"26-27"
"3004";"Emma";"White";"11B";"2";"85.8";"44.6";"81.3";"40.1";"62.4";"60.1";1;0;"26-27"
"3156";"Olivia";"Taylor";"11B";"2";"89.2";"94.1";"59.2";"75";"86.2";"75.9";1;0;"26-27"
"3001";"Daniel";"Brown";"10B";"2";"93.2";"91.9";"81.8";"34.1";"96.1";"42.9";1;0;"27-28"
"3081";"Evelyn";"Walker";"10B";"1";"57.2";"41.5";"89.8";"49.4";"70.1";"60.2";1;0;"27-28"
"3098";"Emma";"Lee";"12B";"1";"68.6";"46.1";"90.8";"71.8";"60.9";"57.5";1;1;"27-28"
"3152";"Liam";"Brown";"11B";"2";"62.4";"68";"40.4";"89.5";"87.7";"89.5";1;0;"27-28"
"3083";"Olivia";"Johnson";"10B";"2";"91.8";"58.5";"38.4";"46.4";"84.4";"50.4";1;0;"26-27"
"3085";"James";"Smith";"11B";"2";"80.3";"76.4";"62.1";"31.6";"61.6";"98.3";1;0;"25-26"
"3082";"James";"Morgan";"11B";"2";"53.5";"62.7";"83";"39.4";"97.9";"95.1";1;0;"27-28"
"3163";"Mia";"Lee";"12B";"1";"36.9";"38.9";"36.9";"33.5";"72.5";"74.8";0;1;"25-26"
"3045";"Benjamin";"Morgan";"12B";"2";"70.4";"68.6";"86.1";"45.8";"81.3";"48.7";1;0;"25-26"
"3121";"Mason";"Walker";"12B";"1";"52.4";"99.6";"97.7";"65";"89.4";"64.5";1;0;"27-28"
"3022";"Harper";"Morgan";"12B";"1";"65";"32.7";"48.4";"85";"99.4";"53.5";1;0;"25-26"
"3039";"Ava";"Brown";"12B";"2";"62.9";"78.6";"95.5";"30.2";"75";"57.3";1;0;"25-26"
"3057";"Daniel";"Harris";"11B";"1";"49.3";"47";"75.2";"35.2";"99.2";"66.9";1;0;"25-26"
"3065";"Emma";"Walker";"11B";"2";"79.4";"58";"31.2";"33.1";"72.4";"87.5";1;0;"26-27"
"3199";"Ethan";"Taylor";"11B";"1";"41.5";"90";"67.5";"74.4";"93";"57.8";1;0;"25-26"
"3030";"Benjamin";"Taylor";"12B";"1";"46.1";"45.9";"45.4";"47";"80.1";"63.8";0;1;"26-27"
"3191";"Emma";"Morgan";"11B";"2";"34.1";"33.4";"82.6";"73.2";"83.4";"56.6";1;0;"25-26"
"3113";"Olivia";"Lee";"10B";"1";"95.2";"34.1";"45.3";"68";"81.2";"55.3";1;1;"27-28"
"3138";"Mason";"Walker";"12B";"2";"99.3";"52.9";"64.1";"85.4";"61.6";"53";1;0;"25-26"
"3015";"Olivia";"Johnson";"10B";"1";"100";"91.9";"50.7";"41.3";"68.5";"69.2";1;0;"25-26"
"3059";"Evelyn";"Morgan";"10B";"2";"51.9";"45.6";"92.6";"86";"71";"89.1";1;0;"25-26"
"3038";"Evelyn";"Morgan";"10B";"2";"83";"31.2";"49.5";"89.6";"95.4";"69.6";1;0;"27-28"
"3130";"Daniel";"Johnson";"11B";"1";"76.8";"30.5";"63.3";"46.3";"88.6";"44";1;0;"27-28"
"3142";"Ava";"Smith";"10B";"1";"91.6";"89.3";"99.8";"45.7";"73.6";"82.2";1;1;"27-28"
"3003";"Daniel";"Martin";"11B";"1";"33.4";"77.1";"35";"52";"98.9";"87.6";0;0;"27-28"
"3100";"Lucas";"Smith";"12B";"2";"44.1";"38.3";"95.2";"61.8";"79.8";"47.2";1;0;"26-27"
"3023";"Logan";"Martin";"11B";"1";"97.7";"71.1";"32.8";"58.9";"60.3";"86.6";1;0;"25-26"
"3125";"Harper";"Lee";"12B";"2";"90.1";"52.7";"56.4";"72.4";"61.1";"81.5";1;0;"27-28"
"3178";"James";"Johnson";"10B";"2";"60.5";"66.6";"61";"46.2";"60.9";"70.4";1;1;"26-27"
"3087";"Mason";"Johnson";"11B";"2";"74.8";"81.9";"33.8";"59.6";"65.4";"85";1;1;"25-26"
"3112";"Alice";"Walker";"10B";"2";"45.1";"39.4";"33.5";"98.8";"67.7";"59";1;0;"26-27"
"3123";"Amelia";"Taylor";"12B";"2";"58.3";"73.6";"54.6";"72.6";"69.9";"49";1;1;"27-28"
"3061";"Sophia";"Johnson";"11B";"1";"60.3";"59.3";"36.1";"86.9";"68.9";"74.5";1;1;"26-27"
"3149";"Elijah";"Morgan";"11B";"1";"46.3";"54.2";"67.6";"74";"65.7";"95.9";1;0;"26-27"
"3033";"Amelia";"Martin";"10B";"1";"64.5";"70.5";"48.8";"45";"64.6";"91.8";1;0;"25-26"
"3197";"Alice";"White";"11B";"2";"82.6";"35.8";"44.9";"68";"81.5";"86.5";1;0;"27-28"
"3019";"Emma";"Walker";"12B";"2";"97";"94.3";"77";"63.5";"90";"87.9";1;1;"25-26"
"3024";"Elijah";"Smith";"12B";"1";"30.8";"75.8";"64.1";"98.6";"65";"97.8";1;0;"27-28"
"3062";"Sophia";"Morgan";"12B";"2";"69.7";"37.5";"37";"38.3";"64.7";"42.5";0;1;"26-27"
"3120";"Harper";"Martin";"12B";"1";"51.9";"83.9";"58.5";"96.5";"60.5";"62.4";1;1;"25-26"
"3137";"Sophia";"Harris";"11B";"2";"79.4";"51.8";"83.5";"64.9";"87.4";"84.9";1;0;"27-28"
"3150";"Benjamin";"Morgan";"12B";"2";"83.1";"30.5";"96.6";"41.5";"74.9";"67.1";1;1;"25-26"
"3060";"Ava";"Walker";"12B";"2";"97.5";"86.6";"68";"89.9";"98.4";"92.4";1;1;"26-27"
"3146";"James";"Taylor";"12B";"1";"72.5";"99.2";"46.1";"40.2";"74.6";"69.3";1;1;"26-27"
"3176";"Harper";"White";"12B";"1";"72.1";"82.1";"59.9";"64.9";"62.3";"89.7";1;1;"27-28"
"3017";"Amelia";"White";"12B";"1";"50.2";"60.4";"31.9";"38.8";"91.9";"76.5";0;0;"25-26"
"3020";"Emma";"Harris";"10B";"1";"33.4";"38.1";"39";"95";"65";"94.8";1;1;"26-27"
"3054";"Noah";"Smith";"11B";"1";"81.3";"43";"99.3";"56.3";"91.1";"83.7";1;0;"26-27"
"3073";"Harper";"Brown";"11B";"2";"86.2";"90";"56.4";"51";"95.9";"99.7";1;1;"27-28"
"3051";"Olivia";"Smith";"11B";"2";"74.1";"50.2";"87.1";"71.4";"67.1";"52.2";1;0;"27-28"
"3048";"Harper";"Harris";"11B";"1";"93.7";"78.9";"84.6";"90.6";"85";"82.4";1;0;"27-28"
"3046";"Amelia";"Brown";"12B";"1";"59.7";"85.9";"36.8";"89.6";"81.8";"80.2";1;1;"25-26"
"3072";"Elijah";"Johnson";"12B";"2";"82.4";"33.6";"33.3";"47";"65.3";"45.8";0;1;"26-27"
"3128";"Ava";"Lee";"10B";"1";"85.9";"52.5";"35.7";"67.7";"69.8";"94.9";1;1;"26-27"
"3182";"Liam";"Martin";"10B";"1";"89.3";"84.8";"46.5";"43";"76.2";"72.3";1;0;"25-26"
"3139";"Ava";"Brown";"12B";"2";"62.2";"35.9";"77.8";"73.4";"64";"79.4";1;0;"25-26"
"3200";"Isabella";"Brown";"12B";"1";"84";"88.5";"64.4";"51.7";"68.7";"96.1";1;0;"25-26"
"3118";"Ava";"Taylor";"10B";"2";"75.9";"94.6";"50.5";"60.1";"72.3";"82.8";1;1;"26-27"
"3119";"Lucas";"Lee";"12B";"2";"36.7";"99.1";"72.7";"98.1";"78.9";"89.1";1;1;"25-26"
"3086";"Isabella";"Brown";"12B";"1";"71.2";"49.6";"84.7";"65.9";"75.3";"98.1";1;0;"26-27"
"3044";"Mia";"Johnson";"10B";"1";"75.6";"62.2";"90.9";"46.5";"69.3";"74.1";1;0;"25-26"
"3088";"Logan";"Taylor";"11B";"1";"92.6";"63.3";"37.9";"36.3";"98.8";"56.6";1;0;"27-28"
"3165";"Emma";"Smith";"11B";"1";"94.8";"93.8";"34.4";"75.8";"93.6";"90.6";1;1;"27-28"
"3101";"Noah";"Lee";"10B";"2";"72";"61.8";"82.6";"80.2";"80.2";"54.6";1;0;"27-28"
"3091";"Amelia";"Smith";"12B";"2";"51.9";"42.6";"72.1";"37.3";"93.3";"68.4";1;0;"27-28"
"3168";"Mason";"Taylor";"12B";"2";"47.7";"61.9";"45.1";"97.9";"99.2";"52.1";1;0;"25-26"
"3036";"Sophia";"Brown";"11B";"2";"77.6";"91";"44.5";"79.8";"87.5";"79.9";1;1;"25-26"
"3187";"Logan";"Walker";"11B";"1";"82.3";"43.5";"41";"43.9";"61.2";"56";1;0;"25-26"
"3189";"James";"Taylor";"10B";"2";"37.2";"45.6";"57.8";"63.5";"60.5";"55.5";1;1;"26-27"
"3035";"Liam";"Smith";"11B";"1";"50.7";"95.5";"84.5";"59.3";"72.6";"58.8";1;1;"27-28"
"3104";"Mia";"White";"11B";"1";"32.1";"50.8";"69.7";"42.3";"92";"57.9";0;0;"26-27"
"3169";"Amelia";"Martin";"12B";"1";"45.1";"82";"52.4";"82.3";"66.5";"71.4";1;0;"27-28"
"3192";"Amelia";"Morgan";"11B";"1";"78.5";"68.9";"37.1";"32";"61.8";"84.9";1;1;"26-27"
"3108";"Mia";"Taylor";"11B";"2";"72.5";"34";"40.9";"54.2";"93.6";"52";1;0;"25-26"
"3070";"Alice";"Smith";"10B";"1";"41.3";"90.6";"49.9";"53.8";"62";"87.8";1;0;"25-26"
"3097";"Evelyn";"Brown";"10B";"2";"45.2";"75.7";"37.3";"52.8";"82.8";"84.8";1;1;"27-28"
"3052";"Ethan";"Taylor";"10B";"2";"99.5";"75.7";"68.6";"34.3";"97.3";"62.4";1;1;"26-27"
"3177";"Elijah";"Johnson";"12B";"2";"36.5";"46.7";"86.4";"63.9";"78.1";"92.7";1;1;"25-26"
"3007";"Harper";"Morgan";"10B";"2";"35.7";"72.6";"63.2";"75.7";"82.7";"79.3";1;1;"25-26"
"3014";"Isabella";"Lee";"12B";"1";"47.4";"58.8";"83.1";"53.9";"67.6";"80";1;1;"27-28"
"3107";"Mason";"Brown";"11B";"1";"41.3";"56.5";"71.3";"59.3";"93.4";"86.2";1;1;"27-28"
"3171";"Amelia";"Johnson";"12B";"1";"90.5";"88";"78.5";"90.1";"92.4";"68";1;1;"25-26"
"3173";"James";"Brown";"12B";"2";"84";"84.5";"52.9";"92.5";"78.3";"74.6";1;1;"27-28"
"3161";"Emma";"Brown";"10B";"2";"46.5";"99.2";"72.9";"71.7";"86.5";"80.3";1;0;"26-27"
"3049";"Elijah";"Taylor";"10B";"1";"98.7";"66.4";"62.2";"87.9";"91.1";"77.8";1;1;"26-27"
"3144";"Benjamin";"Taylor";"12B";"2";"93.3";"90.7";"61.5";"85.3";"86.7";"63.1";1;1;"27-28"
"3012";"Daniel";"Brown";"10B";"2";"96";"33";"46.9";"88.7";"91.4";"80";1;1;"26-27"
"3055";"James";"Taylor";"10B";"1";"66.4";"35.4";"39.1";"52.4";"66.2";"54.9";0;0;"27-28"
"3068";"Alice";"Taylor";"12B";"1";"67.7";"68.9";"85.3";"59.2";"89.9";"64.8";1;1;"26-27"
"3071";"Mia";"Johnson";"12B";"1";"92.6";"67.7";"79.6";"38.1";"85.6";"79.6";1;1;"26-27"
"3031";"Ava";"Johnson";"11B";"1";"48.5";"74";"78.3";"42.7";"86.4";"84.7";1;0;"27-28"
"2000";"Olivia";"White";"10B";"1";"80.7";"64.8";"96";"80.7";"75";"58.6";1;1;"27-28"
"3006";"Sophia";"White";"10B";"1";"83.5";"88";"93.2";"93";"90.8";"67.9";1;0;"25-26"
"3043";"Alice";"Johnson";"12B";"2";"62.4";"58";"32.7";"89.1";"77";"89.3";1;1;"26-27"
"3066";"Benjamin";"Morgan";"10B";"2";"37.7";"47.7";"87.3";"65";"67.1";"64.4";1;0;"26-27"
"3026";"Ethan";"Lee";"10B";"1";"89.4";"68.2";"72.3";"59.4";"61.4";"69";1;0;"26-27"
"3157";"Harper";"Walker";"12B";"2";"43.5";"41.1";"52.6";"82.3";"75.2";"71.1";1;0;"27-28"
"3184";"Olivia";"Taylor";"11B";"2";"78.1";"59";"98.5";"92.4";"66.4";"70.8";1;1;"27-28"
"3194";"Ethan";"Harris";"12B";"1";"31.1";"85.8";"90.1";"37";"91.1";"91.3";1;1;"27-28"
"3135";"Sophia";"Lee";"10B";"1";"57";"44";"65.2";"59.6";"75.1";"97";1;1;"25-26"
"3179";"Olivia";"Smith";"10B";"1";"76.3";"35.1";"85.4";"45.5";"84.2";"98.5";1;0;"27-28"
"3186";"Sophia";"Morgan";"12B";"2";"61.5";"60.2";"33.2";"90.8";"88.7";"69.1";1;1;"26-27"
"3114";"Mia";"Morgan";"11B";"1";"68.7";"87.4";"91";"99.2";"85.1";"57.3";1;1;"25-26"
"3133";"Ava";"Smith";"11B";"2";"55.8";"58.6";"95.5";"82.7";"78.9";"55.4";1;0;"27-28"
"3158";"Mia";"Walker";"12B";"2";"60";"88";"53.9";"92.3";"67";"90";1;1;"25-26"
"3126";"Noah";"Walker";"10B";"2";"95";"92.5";"60.8";"35.9";"80.6";"96";1;1;"26-27"
"3140";"Lucas";"Johnson";"12B";"1";"48.4";"46.2";"59.2";"58.8";"61";"65.5";1;0;"25-26"
"3116";"Liam";"Johnson";"12B";"2";"49.1";"49.7";"67.2";"74.2";"97";"49.5";1;1;"27-28"
"3195";"Alice";"Morgan";"12B";"2";"62.6";"39.6";"38";"37.4";"96.6";"91.6";0;1;"25-26"
"3029";"Lucas";"Lee";"11B";"1";"49.4";"60.1";"91.9";"84.8";"95.1";"46";1;1;"27-28"
"3124";"Emma";"Smith";"11B";"1";"32.5";"39.5";"59.5";"64.4";"95.5";"79.6";0;1;"25-26"
"3009";"Liam";"Brown";"11B";"1";"45.5";"55.8";"55.4";"58.2";"75.5";"51";1;1;"27-28"
"3162";"Harper";"Johnson";"11B";"2";"56.4";"68.4";"85.5";"66.8";"99.4";"62.9";1;1;"26-27"
"3155";"Isabella";"Lee";"10B";"2";"77.4";"62.7";"73.2";"44.8";"69.5";"70.3";1;0;"26-27"
"3188";"Mia";"Walker";"12B";"2";"83.4";"45.3";"60";"71.4";"63.5";"65.5";1;0;"27-28"
"3084";"Lucas";"Lee";"11B";"1";"54.3";"88.6";"77.6";"79.5";"84";"52.3";1;0;"25-26"
"3092";"Ava";"Johnson";"11B";"2";"68.7";"63.1";"61.3";"71.7";"85.2";"70.2";1;1;"26-27"
"3111";"Daniel";"Taylor";"11B";"2";"40.5";"59.9";"74.3";"96.3";"75.7";"49.1";1;1;"27-28"
"3174";"James";"Martin";"10B";"1";"67.6";"94";"82.2";"83.3";"97.6";"63";1;1;"25-26"
"3183";"Benjamin";"Martin";"11B";"1";"64.2";"62.2";"76.5";"69.4";"91.1";"52.5";1;1;"25-26"
"3042";"Ava";"Harris";"10B";"1";"63.8";"30.2";"95.4";"72.5";"65.7";"97.7";1;1;"25-26"
"3011";"Emma";"Brown";"10B";"2";"97.2";"95.6";"96";"98";"69.6";"55.2";1;0;"26-27"
"3040";"James";"Morgan";"10B";"1";"95.4";"59.4";"96.5";"77.1";"86.5";"47.1";1;0;"27-28"
"3056";"Sophia";"Brown";"12B";"2";"68.5";"95.8";"49.8";"30.5";"74.1";"58.4";1;0;"26-27"
"3010";"Lucas";"Martin";"12B";"2";"77.7";"52.4";"52.5";"57.8";"64.7";"81.9";1;0;"26-27"
"3058";"Benjamin";"Martin";"11B";"1";"34.9";"53.8";"33";"63.8";"84.4";"53.1";0;0;"27-28"
"3153";"Lucas";"Walker";"12B";"1";"44.2";"62.6";"87.3";"82.8";"85.8";"50.9";1;0;"27-28"
"3180";"Benjamin";"Lee";"10B";"2";"36.1";"34.8";"94";"58.7";"91.1";"92.2";1;0;"25-26"
"3005";"Lucas";"Brown";"12B";"1";"44.7";"42.8";"31.3";"43.9";"79.4";"49.4";0;1;"26-27"
"3105";"Lucas";"White";"10B";"1";"41.6";"99.5";"61.4";"50.9";"89.9";"42.1";1;0;"27-28"
"3041";"Sophia";"Lee";"12B";"1";"76.4";"83.3";"75.4";"57.1";"67.3";"75.4";1;1;"27-28"
"3078";"Sophia";"Martin";"12B";"2";"44.1";"96.7";"35.9";"79.4";"79.4";"64.9";1;0;"25-26"
"3099";"Evelyn";"Harris";"11B";"2";"64.5";"93.6";"92.1";"94.7";"81";"67.4";1;1;"25-26"
"3147";"Isabella";"Morgan";"10B";"2";"95.4";"60.6";"46";"70.9";"80";"78.5";1;0;"25-26"
"3064";"James";"Smith";"11B";"1";"31.5";"44";"83.6";"57.7";"85.7";"40.6";1;0;"25-26"
"3094";"Evelyn";"Morgan";"12B";"1";"90";"59.4";"51.8";"33.2";"73.6";"94.9";1;1;"27-28"
"3117";"Lucas";"Martin";"10B";"2";"40.5";"61";"99.8";"67";"94.2";"85.7";1;0;"26-27"
"3136";"Mia";"Brown";"10B";"2";"90.4";"76.6";"71.9";"53";"89.1";"92.6";1;1;"27-28"
"3145";"Amelia";"Walker";"11B";"1";"65.1";"73.8";"87.2";"48.9";"94.8";"50.7";1;0;"27-28"
"3166";"James";"Taylor";"11B";"1";"70.5";"59.5";"90.3";"81.5";"63.9";"65.2";1;1;"26-27"
"3047";"James";"Harris";"12B";"1";"63.3";"88.7";"60.3";"34.4";"96.6";"97.2";1;0;"27-28"
"3032";"Noah";"Harris";"11B";"2";"56.3";"88.1";"39.2";"94.9";"72.9";"59.1";1;1;"27-28"
"3034";"Mia";"Brown";"11B";"1";"41";"51.5";"92";"72";"80.9";"68";1;0;"26-27"
"3090";"Amelia";"Walker";"11B";"1";"97";"41.5";"88.8";"78.6";"91.7";"71.6";1;0;"27-28"
"3110";"Alice";"Brown";"11B";"1";"44.4";"55.2";"56.9";"57.4";"99.2";"47.9";1;0;"26-27"
"3002";"Sophia";"Brown";"12B";"1";"42.7";"43.8";"36.9";"42.8";"78";"68.6";0;1;"26-27"
"3067";"Ethan";"Taylor";"10B";"1";"86.7";"36.2";"91.1";"90.9";"68.3";"95";1;0;"27-28"
"3127";"Ava";"Harris";"12B";"1";"61.5";"99.4";"99.8";"86.8";"64.1";"96.7";1;0;"26-27"
"3016";"Isabella";"Taylor";"11B";"2";"57.9";"55.9";"73.7";"63.6";"91.8";"66";1;0;"27-28"
"3021";"Logan";"Walker";"10B";"1";"39.1";"81.3";"40.8";"63.8";"70";"56.7";1;0;"26-27"
"3106";"Liam";"Lee";"11B";"1";"88.4";"73.3";"38.7";"90.7";"82.6";"84.2";1;0;"27-28"
"3069";"James";"Lee";"11B";"2";"88";"58.7";"70.4";"37";"66";"50";1;0;"26-27"
"3095";"Lucas";"White";"12B";"2";"35.1";"86.4";"70.2";"85";"73.3";"92.7";1;1;"27-28"
"3103";"Mia";"Lee";"11B";"2";"41.4";"37.5";"31.2";"42.7";"64.8";"99.4";0;1;"27-28"
"3129";"Amelia";"Morgan";"11B";"1";"82.5";"36.3";"98.5";"94.7";"83.8";"89.2";1;0;"25-26"
"3181";"Emma";"Taylor";"10B";"1";"66.2";"65.4";"57.4";"32.9";"62.2";"69.9";1;1;"27-28"
"3050";"Logan";"Taylor";"10B";"1";"93.4";"41.4";"68.8";"98.5";"69.9";"60.6";1;0;"27-28"
"3089";"Mia";"Taylor";"11B";"1";"76.1";"76.7";"80.9";"74.2";"91.8";"89.6";1;0;"25-26"
"3160";"Lucas";"Lee";"10B";"1";"61.4";"96.9";"86.4";"66.3";"64.8";"52.1";1;1;"25-26"
"3193";"Ava";"Walker";"11B";"1";"68.2";"50.2";"48.8";"47.4";"68.1";"54.1";1;1;"25-26"
"3196";"Daniel";"Morgan";"10B";"2";"47.1";"44.9";"59";"47.8";"72.1";"41.9";0;0;"27-28"
"3076";"Elijah";"Martin";"10B";"1";"66.9";"63.5";"89";"42.3";"90";"89.2";1;1;"25-26"
"3096";"Amelia";"White";"11B";"1";"44.3";"39";"48.8";"46.1";"86";"56.7";0;0;"26-27"
"3170";"Elijah";"Martin";"12B";"1";"66.9";"65.7";"65.9";"98";"67.9";"97.2";1;1;"26-27"
"3028";"Sophia";"Walker";"11B";"1";"56.2";"95.5";"63.9";"87.6";"83.1";"84.3";1;0;"26-27"
"3151";"Amelia";"Taylor";"11B";"2";"33.5";"96.7";"51.9";"50.6";"90.6";"99.1";1;0;"26-27"
"3185";"Noah";"Brown";"12B";"1";"89.6";"54.2";"72.9";"89";"89.8";"69.9";1;1;"25-26"
"3074";"Evelyn";"Smith";"11B";"1";"55.8";"75.8";"79.3";"72.7";"91.7";"51";1;1;"25-26"
"3109";"Logan";"Morgan";"11B";"1";"45.5";"34.6";"87.7";"78.7";"96.8";"66.3";1;1;"25-26"
"3134";"Olivia";"Smith";"11B";"2";"31.8";"76.9";"70.5";"32.4";"89.4";"66.3";1;0;"27-28"
"3132";"Benjamin";"White";"10B";"1";"39.9";"61.5";"71.1";"81.6";"68.4";"73.1";1;0;"27-28"
"3190";"Mia";"White";"10B";"1";"64.6";"52.2";"58.6";"78.9";"78.1";"99.4";1;0;"25-26"
"3013";"Sophia";"Harris";"12B";"1";"88.5";"61.2";"69.3";"68.9";"62.9";"56";1;1;"26-27"
"3018";"Isabella";"Harris";"11B";"1";"61.9";"52.7";"93";"87.9";"60.1";"71.4";1;0;"26-27"
"3175";"Ava";"White";"12B";"2";"51";"48.2";"30.3";"73.1";"77.6";"40.2";1;0;"26-27"
"3025";"Liam";"Martin";"10B";"1";"37.7";"51.3";"76.7";"38.1";"87.6";"73.3";1;1;"27-28"
"3037";"Harper";"Taylor";"12B";"1";"80.3";"93.2";"67.6";"46.8";"96.1";"88.6";1;1;"26-27"
"3080";"Mia";"Harris";"11B";"1";"62.2";"82.5";"60.1";"55.2";"65.7";"86.7";1;1;"27-28"
"3148";"Lucas";"Smith";"10B";"2";"77.8";"84.5";"74.1";"79";"86.9";"67.8";1;1;"25-26"
"3122";"Mia";"Taylor";"12B";"2";"39.4";"64.2";"79.9";"30.9";"62.8";"92";1;1;"25-26"
"3141";"Isabella";"Harris";"10B";"99";"53.3";"45.4";"43.3";"40.7";"94";"78";0;1;"26-27"
